E_mean, Z_mean, E_std, Z_std
5.329627877825296803e-03, 1.529797243840209098e-01, 3.408958802756233711e-05, 1.280590991449081758e-03
