	mean_f	var_f
0	0.0053241516677788574	2.643720504486489e-10
